recall,precision
0.0,1.0
0.0007668711656441718,1.0
0.0015337423312883436,1.0
0.0023006134969325155,1.0
0.0023006134969325155,0.9259259259259259
0.003067484662576687,0.9259259259259259
0.003834355828220859,0.9259259259259259
0.003834355828220859,0.9259259259259259
0.004601226993865031,0.9259259259259259
0.005368098159509203,0.9259259259259259
0.006134969325153374,0.9259259259259259
0.006901840490797546,0.9259259259259259
0.007668711656441718,0.9259259259259259
0.00843558282208589,0.9259259259259259
0.009202453987730062,0.9259259259259259
0.009969325153374233,0.9259259259259259
0.010736196319018405,0.9259259259259259
0.011503067484662576,0.9259259259259259
0.012269938650306749,0.9259259259259259
0.01303680981595092,0.9259259259259259
0.013803680981595092,0.9259259259259259
0.014570552147239263,0.9259259259259259
0.015337423312883436,0.9259259259259259
0.016104294478527608,0.9259259259259259
0.01687116564417178,0.9259259259259259
0.01763803680981595,0.9259259259259259
0.018404907975460124,0.9259259259259259
0.019171779141104295,0.9259259259259259
0.019171779141104295,0.9130434782608695
0.019938650306748466,0.9130434782608695
0.020705521472392636,0.9130434782608695
0.02147239263803681,0.9130434782608695
0.02223926380368098,0.9130434782608695
0.023006134969325152,0.9130434782608695
0.023773006134969327,0.9130434782608695
0.023773006134969327,0.9130434782608695
0.023773006134969327,0.9130434782608695
0.024539877300613498,0.9130434782608695
0.02530674846625767,0.9130434782608695
0.02607361963190184,0.9130434782608695
0.026840490797546013,0.9130434782608695
0.027607361963190184,0.9130434782608695
0.028374233128834355,0.9130434782608695
0.029141104294478526,0.9130434782608695
0.0299079754601227,0.9130434782608695
0.03067484662576687,0.9130434782608695
0.03144171779141104,0.9130434782608695
0.032208588957055216,0.9130434782608695
0.032975460122699383,0.9130434782608695
0.03374233128834356,0.9130434782608695
0.03450920245398773,0.9130434782608695
0.0352760736196319,0.9130434782608695
0.036042944785276074,0.9130434782608695
0.03680981595092025,0.9130434782608695
0.03680981595092025,0.9130434782608695
0.037576687116564415,0.9130434782608695
0.03834355828220859,0.9130434782608695
0.039110429447852764,0.9130434782608695
0.03987730061349693,0.9130434782608695
0.040644171779141106,0.9130434782608695
0.04141104294478527,0.9130434782608695
0.04217791411042945,0.9130434782608695
0.04294478527607362,0.9130434782608695
0.04371165644171779,0.9130434782608695
0.04447852760736196,0.9130434782608695
0.04524539877300614,0.9130434782608695
0.046012269938650305,0.9130434782608695
0.04677914110429448,0.9130434782608695
0.04754601226993865,0.9130434782608695
0.04831288343558282,0.9130434782608695
0.04831288343558282,0.9014084507042254
0.049079754601226995,0.9014084507042254
0.049079754601226995,0.8933333333333333
0.04984662576687116,0.8933333333333333
0.05061349693251534,0.8933333333333333
0.05138036809815951,0.8933333333333333
0.05138036809815951,0.8831168831168831
0.05214723926380368,0.8831168831168831
0.05214723926380368,0.8717948717948718
0.05214723926380368,0.8641975308641975
0.05291411042944785,0.8641975308641975
0.05368098159509203,0.8641975308641975
0.05368098159509203,0.8554216867469879
0.054447852760736194,0.8554216867469879
0.054447852760736194,0.8488372093023255
0.05521472392638037,0.8488372093023255
0.05598159509202454,0.8488372093023255
0.05598159509202454,0.8469387755102041
0.05598159509202454,0.8469387755102041
0.05674846625766871,0.8469387755102041
0.057515337423312884,0.8469387755102041
0.05828220858895705,0.8469387755102041
0.059049079754601226,0.8469387755102041
0.0598159509202454,0.8469387755102041
0.06058282208588957,0.8469387755102041
0.06134969325153374,0.8469387755102041
0.062116564417177916,0.8469387755102041
0.06288343558282208,0.8469387755102041
0.06365030674846625,0.8469387755102041
0.06365030674846625,0.84
0.06441717791411043,0.84
0.06441717791411043,0.8349514563106796
0.0651840490797546,0.8349514563106796
0.06595092024539877,0.8349514563106796
0.06595092024539877,0.8317757009345794
0.06671779141104295,0.8317757009345794
0.06748466257668712,0.8317757009345794
0.06825153374233128,0.8317757009345794
0.06825153374233128,0.8240740740740741
0.06825153374233128,0.8230088495575221
0.06901840490797546,0.8230088495575221
0.06978527607361963,0.8230088495575221
0.0705521472392638,0.8230088495575221
0.07131901840490798,0.8230088495575221
0.07131901840490798,0.8211382113821138
0.07208588957055215,0.8211382113821138
0.07208588957055215,0.8211382113821138
0.07285276073619631,0.8211382113821138
0.0736196319018405,0.8211382113821138
0.07438650306748466,0.8211382113821138
0.07515337423312883,0.8211382113821138
0.07592024539877301,0.8211382113821138
0.07668711656441718,0.8211382113821138
0.07745398773006135,0.8211382113821138
0.07745398773006135,0.8145161290322581
0.07745398773006135,0.8091603053435115
0.07745398773006135,0.8091603053435115
0.07822085889570553,0.8091603053435115
0.0789877300613497,0.8091603053435115
0.07975460122699386,0.8091603053435115
0.08052147239263803,0.8091603053435115
0.08128834355828221,0.8091603053435115
0.08128834355828221,0.8045112781954887
0.08205521472392638,0.8045112781954887
0.08205521472392638,0.8014705882352942
0.08282208588957055,0.8014705882352942
0.08358895705521473,0.8014705882352942
0.08358895705521473,0.8014184397163121
0.0843558282208589,0.8014184397163121
0.08512269938650306,0.8014184397163121
0.08588957055214724,0.8014184397163121
0.08665644171779141,0.8014184397163121
0.08665644171779141,0.7972027972027972
0.08742331288343558,0.7972027972027972
0.08742331288343558,0.7959183673469388
0.08819018404907976,0.7959183673469388
0.08895705521472393,0.7959183673469388
0.0897239263803681,0.7959183673469388
0.0897239263803681,0.7905405405405406
0.0897239263803681,0.785234899328859
0.0897239263803681,0.7806451612903226
0.0897239263803681,0.7806451612903226
0.09049079754601227,0.7806451612903226
0.09125766871165644,0.7806451612903226
0.09202453987730061,0.7806451612903226
0.09279141104294479,0.7806451612903226
0.09279141104294479,0.7756410256410257
0.09279141104294479,0.7707006369426752
0.09279141104294479,0.7701863354037267
0.09355828220858896,0.7701863354037267
0.09432515337423313,0.7701863354037267
0.0950920245398773,0.7701863354037267
0.0950920245398773,0.7654320987654321
0.0950920245398773,0.7607361963190185
0.0950920245398773,0.7590361445783133
0.09585889570552147,0.7590361445783133
0.09662576687116564,0.7590361445783133
0.09662576687116564,0.7559523809523809
0.09739263803680982,0.7559523809523809
0.09739263803680982,0.7558139534883721
0.09815950920245399,0.7558139534883721
0.09892638036809816,0.7558139534883721
0.09969325153374232,0.7558139534883721
0.09969325153374232,0.7542857142857143
0.1004601226993865,0.7542857142857143
0.10122699386503067,0.7542857142857143
0.10122699386503067,0.751412429378531
0.10199386503067484,0.751412429378531
0.10199386503067484,0.7471910112359551
0.10199386503067484,0.7433155080213903
0.10199386503067484,0.7433155080213903
0.10199386503067484,0.7433155080213903
0.10276073619631902,0.7433155080213903
0.10352760736196319,0.7433155080213903
0.10429447852760736,0.7433155080213903
0.10506134969325154,0.7433155080213903
0.1058282208588957,0.7433155080213903
0.10659509202453987,0.7433155080213903
0.10659509202453987,0.7421052631578947
0.10736196319018405,0.7421052631578947
0.10812883435582822,0.7421052631578947
0.10812883435582822,0.7382198952879581
0.10812883435582822,0.7373737373737373
0.10889570552147239,0.7373737373737373
0.10966257668711657,0.7373737373737373
0.10966257668711657,0.7373737373737373
0.11042944785276074,0.7373737373737373
0.1111963190184049,0.7373737373737373
0.11196319018404909,0.7373737373737373
0.11196319018404909,0.735
0.11273006134969325,0.735
0.11273006134969325,0.7326732673267327
0.11349693251533742,0.7326732673267327
0.11349693251533742,0.7307692307692307
0.11349693251533742,0.7307692307692307
0.1142638036809816,0.7307692307692307
0.11503067484662577,0.7307692307692307
0.11579754601226994,0.7307692307692307
0.1165644171779141,0.7307692307692307
0.1165644171779141,0.7285714285714285
0.11733128834355828,0.7285714285714285
0.11733128834355828,0.7255813953488373
0.11733128834355828,0.7255813953488373
0.11809815950920245,0.7255813953488373
0.11886503067484662,0.7255813953488373
0.1196319018404908,0.7255813953488373
0.1196319018404908,0.7222222222222222
0.1196319018404908,0.7214611872146118
0.12039877300613497,0.7214611872146118
0.12116564417177914,0.7214611872146118
0.12116564417177914,0.7181818181818181
0.12116564417177914,0.7161572052401747
0.12116564417177914,0.7161572052401747
0.12193251533742332,0.7161572052401747
0.12269938650306748,0.7161572052401747
0.12346625766871165,0.7161572052401747
0.12346625766871165,0.7161572052401747
0.12423312883435583,0.7161572052401747
0.125,0.7161572052401747
0.12576687116564417,0.7161572052401747
0.12576687116564417,0.7130434782608696
0.12576687116564417,0.7112970711297071
0.12576687116564417,0.7112970711297071
0.12653374233128833,0.7112970711297071
0.12653374233128833,0.7112970711297071
0.1273006134969325,0.7112970711297071
0.1280674846625767,0.7112970711297071
0.12883435582822086,0.7112970711297071
0.12960122699386503,0.7112970711297071
0.1303680981595092,0.7112970711297071
0.1303680981595092,0.7083333333333334
0.1303680981595092,0.7053941908713693
0.1303680981595092,0.7037037037037037
0.13113496932515337,0.7037037037037037
0.13113496932515337,0.7032520325203252
0.13190184049079753,0.7032520325203252
0.13266871165644173,0.7032520325203252
0.13266871165644173,0.7004048582995951
0.13266871165644173,0.6975806451612904
0.13266871165644173,0.6947791164658634
0.13266871165644173,0.692
0.13266871165644173,0.6904761904761905
0.1334355828220859,0.6904761904761905
0.1334355828220859,0.6901960784313725
0.13420245398773006,0.6901960784313725
0.13496932515337423,0.6901960784313725
0.13496932515337423,0.6875
0.13496932515337423,0.6848249027237354
0.13496932515337423,0.6846153846153846
0.1357361963190184,0.6846153846153846
0.13650306748466257,0.6846153846153846
0.13650306748466257,0.6844106463878327
0.13726993865030676,0.6844106463878327
0.13803680981595093,0.6844106463878327
0.13803680981595093,0.6818181818181818
0.13803680981595093,0.6804511278195489
0.1388036809815951,0.6804511278195489
0.1388036809815951,0.6779026217228464
0.1388036809815951,0.6765799256505576
0.13957055214723926,0.6765799256505576
0.13957055214723926,0.674074074074074
0.13957055214723926,0.6715867158671587
0.13957055214723926,0.6691176470588235
0.13957055214723926,0.6690909090909091
0.14033742331288343,0.6690909090909091
0.1411042944785276,0.6690909090909091
0.1411042944785276,0.6690140845070423
0.1411042944785276,0.6690140845070423
0.1418711656441718,0.6690140845070423
0.1418711656441718,0.6690140845070423
0.14263803680981596,0.6690140845070423
0.14340490797546013,0.6690140845070423
0.1441717791411043,0.6690140845070423
0.14493865030674846,0.6690140845070423
0.14570552147239263,0.6690140845070423
0.14570552147239263,0.6689895470383276
0.1464723926380368,0.6689895470383276
0.147239263803681,0.6689895470383276
0.147239263803681,0.6666666666666666
0.147239263803681,0.6655405405405406
0.147239263803681,0.6655405405405406
0.14800613496932516,0.6655405405405406
0.14800613496932516,0.6655405405405406
0.14877300613496933,0.6655405405405406
0.1495398773006135,0.6655405405405406
0.15030674846625766,0.6655405405405406
0.15107361963190183,0.6655405405405406
0.15107361963190183,0.6632996632996633
0.15107361963190183,0.6610738255033557
0.15107361963190183,0.659016393442623
0.15107361963190183,0.659016393442623
0.15184049079754602,0.659016393442623
0.1526073619631902,0.659016393442623
0.1526073619631902,0.659016393442623
0.15337423312883436,0.659016393442623
0.15414110429447853,0.659016393442623
0.15414110429447853,0.6568627450980392
0.15414110429447853,0.6547231270358306
0.15414110429447853,0.6525974025974026
0.15414110429447853,0.6516129032258065
0.1549079754601227,0.6516129032258065
0.1549079754601227,0.6506410256410257
0.15567484662576686,0.6506410256410257
0.15567484662576686,0.6485623003194888
0.15567484662576686,0.6464968152866242
0.15567484662576686,0.6444444444444445
0.15567484662576686,0.6424050632911392
0.15567484662576686,0.6403785488958991
0.15567484662576686,0.6383647798742138
0.15567484662576686,0.6363636363636364
0.15567484662576686,0.634375
0.15567484662576686,0.632398753894081
0.15567484662576686,0.631578947368421
0.15644171779141106,0.631578947368421
0.15644171779141106,0.6310975609756098
0.15644171779141106,0.6310975609756098
0.15720858895705522,0.6310975609756098
0.1579754601226994,0.6310975609756098
0.15874233128834356,0.6310975609756098
0.15874233128834356,0.6291793313069909
0.15874233128834356,0.6287425149700598
0.15874233128834356,0.6287425149700598
0.15950920245398773,0.6287425149700598
0.1602760736196319,0.6287425149700598
0.16104294478527606,0.6287425149700598
0.16104294478527606,0.6268656716417911
0.16104294478527606,0.625
0.16104294478527606,0.6231454005934718
0.16104294478527606,0.6217008797653959
0.16104294478527606,0.6217008797653959
0.16180981595092025,0.6217008797653959
0.16257668711656442,0.6217008797653959
0.16257668711656442,0.6198830409356725
0.16257668711656442,0.6191860465116279
0.1633435582822086,0.6191860465116279
0.1633435582822086,0.6184971098265896
0.16411042944785276,0.6184971098265896
0.16411042944785276,0.6167146974063401
0.16411042944785276,0.6149425287356322
0.16411042944785276,0.6142857142857143
0.16487730061349692,0.6142857142857143
1.0,0.0
