path_img,bbox,class_id
/home/huy/Documents/de_tai_tot_nghiep/Drone Thermal.v4i.voc/tiles_test/0_60_30_0_01609_jpg.rf.526766ccca2dc816b6eba9ad28a43488_tile_000.jpg,[],[]
/home/huy/Documents/de_tai_tot_nghiep/Drone Thermal.v4i.voc/tiles_test/0_60_30_0_01609_jpg.rf.526766ccca2dc816b6eba9ad28a43488_tile_001.jpg,"[[344.0, 405.0, 14.0, 44.0], [378.0, 390.0, 14.0, 42.0], [400.0, 423.0, 18.0, 44.0], [502.0, 412.0, 14.0, 34.0], [427.0, 398.0, 16.0, 62.0], [443.0, 425.0, 16.0, 36.0], [476.0, 425.0, 14.0, 36.0]]","[1, 1, 1, 1, 1, 1, 1]"
/home/huy/Documents/de_tai_tot_nghiep/Drone Thermal.v4i.voc/tiles_test/0_60_30_0_01609_jpg.rf.526766ccca2dc816b6eba9ad28a43488_tile_002.jpg,"[[216.0, 405.0, 14.0, 44.0], [250.0, 390.0, 14.0, 42.0], [272.0, 423.0, 18.0, 44.0], [374.0, 412.0, 14.0, 34.0], [299.0, 398.0, 16.0, 62.0], [315.0, 425.0, 16.0, 36.0], [348.0, 425.0, 14.0, 36.0]]","[1, 1, 1, 1, 1, 1, 1]"
/home/huy/Documents/de_tai_tot_nghiep/Drone Thermal.v4i.voc/tiles_test/0_60_30_0_01609_jpg.rf.526766ccca2dc816b6eba9ad28a43488_tile_003.jpg,"[[592.0, 170.0, 14.0, 52.0], [553.0, 179.0, 16.0, 46.0], [543.0, 121.0, 16.0, 54.0], [635.5, 148.0, 9.0, 48.0]]","[1, 1, 1, 1]"
/home/huy/Documents/de_tai_tot_nghiep/Drone Thermal.v4i.voc/tiles_test/0_60_30_0_01609_jpg.rf.526766ccca2dc816b6eba9ad28a43488_tile_004.jpg,"[[80.0, 170.0, 14.0, 52.0], [41.0, 179.0, 16.0, 46.0], [31.0, 121.0, 16.0, 54.0], [241.0, 307.0, 20.0, 50.0], [196.0, 226.0, 18.0, 48.0], [139.0, 167.0, 12.0, 42.0], [127.0, 148.0, 16.0, 48.0], [193.0, 156.0, 20.0, 48.0], [344.0, 9.0, 14.0, 18.0], [400.0, 18.0, 18.0, 36.0], [502.0, 10.0, 14.0, 20.0], [427.0, 10.0, 16.0, 20.0], [443.0, 17.0, 16.0, 34.0], [476.0, 17.0, 14.0, 34.0]]","[1, 1, 1, 1, 1, 1, 1, 1, 1, 1, 1, 1, 1, 1]"
/home/huy/Documents/de_tai_tot_nghiep/Drone Thermal.v4i.voc/tiles_test/0_60_30_0_01609_jpg.rf.526766ccca2dc816b6eba9ad28a43488_tile_005.jpg,"[[113.0, 307.0, 20.0, 50.0], [68.0, 226.0, 18.0, 48.0], [11.0, 167.0, 12.0, 42.0], [3.5, 148.0, 7.0, 48.0], [65.0, 156.0, 20.0, 48.0], [216.0, 9.0, 14.0, 18.0], [272.0, 18.0, 18.0, 36.0], [374.0, 10.0, 14.0, 20.0], [299.0, 10.0, 16.0, 20.0], [315.0, 17.0, 16.0, 34.0], [348.0, 17.0, 14.0, 34.0]]","[1, 1, 1, 1, 1, 1, 1, 1, 1, 1, 1]"
/home/huy/Documents/de_tai_tot_nghiep/Drone Thermal.v4i.voc/tiles_test/0_60_30_0_01609_jpg.rf.526766ccca2dc816b6eba9ad28a43488_tile_006.jpg,"[[592.0, 67.0, 14.0, 52.0], [553.0, 76.0, 16.0, 46.0], [543.0, 22.5, 16.0, 45.0], [635.5, 45.0, 9.0, 48.0]]","[1, 1, 1, 1]"
/home/huy/Documents/de_tai_tot_nghiep/Drone Thermal.v4i.voc/tiles_test/0_60_30_0_01609_jpg.rf.526766ccca2dc816b6eba9ad28a43488_tile_007.jpg,"[[80.0, 67.0, 14.0, 52.0], [41.0, 76.0, 16.0, 46.0], [31.0, 22.5, 16.0, 45.0], [241.0, 204.0, 20.0, 50.0], [196.0, 123.0, 18.0, 48.0], [139.0, 64.0, 12.0, 42.0], [127.0, 45.0, 16.0, 48.0], [193.0, 53.0, 20.0, 48.0]]","[1, 1, 1, 1, 1, 1, 1, 1]"
/home/huy/Documents/de_tai_tot_nghiep/Drone Thermal.v4i.voc/tiles_test/0_60_30_0_01609_jpg.rf.526766ccca2dc816b6eba9ad28a43488_tile_008.jpg,"[[113.0, 204.0, 20.0, 50.0], [68.0, 123.0, 18.0, 48.0], [11.0, 64.0, 12.0, 42.0], [3.5, 45.0, 7.0, 48.0], [65.0, 53.0, 20.0, 48.0]]","[1, 1, 1, 1, 1]"
